					
title	details	address	price	image	
	Modern and central living	"3.5 rooms, 89 m²"	"Luxweg 3, 5000 Aarau, AG"	"CHF 2,355.—"	https://cis01.immoscout24.ch/modern-und-zentral-wohnen-aarau?328x185/0/85/is24media/b5/67/fece6b394a-200408.jpg
	Exclusive living	"3.5 rooms, 83 m²"	"Luxweg 7, 5000 Aarau, AG"	"CHF 2,085.—"	
	"Live stylishly, modernly and centrally"	"4.5 rooms, 113 m²"	"Luxweg 7, 5000 Aarau, AG"	"CHF 2,755.—"	
	Search ... amazement ... living!	"3.5 rooms, 90 m²"	"Bahnhofplatz 3i, 5000 Aarau, AG"	"CHF 2,190.—"	
	Lovely 3.5 room garden apartment with a large seating area and a beautiful garden	3.5 rooms	"Kirchbergstrasse 6, 5000 Aarau, AG"	"CHF 1,625.—"	
	Modern 2.5 room apartment in the Gönhard district of Aarau	"2.5 rooms, 68 m²"	"Gönhardweg 24, 5000 Aarau, AG"	CHF 1.705.—	
	Newly renovated beautifully furnished rooms	"1 room, 16 m²"	"Buchserstrasse 67, 5000 Aarau, AG"	CHF 790.—	
	Single or for two?	"1 room, 25 m²"	"Hallwylstrasse 4, 5000 Aarau, AG"	CHF 910.—	
	"Bright, centrally located apartment"	"2.5 rooms, 58 m²"	"Gönhardweg 6, 5000 Aarau, AG"	"CHF 1,110.—"	
	LIVE FOR A MONTH	3 rooms	"Erzgrubenweg 11, 5000 Aarau, AG"	"CHF 1,190.—"	
	"RURAL, QUIET AND GENEROUS - 1 NET NET RENT FOR FREE"	"2.5 rooms, 68 m²"	"Dorfstrasse 29, 5025 Asp, AG"	"CHF 1,140.—"	https://cis01.immoscout24.ch/laendlich-ruhig-und-grosszuegig---1-nettomietzins-g-asp?328x185/0/85/is24media/6b/96/93fbcb0249-191021.jpg
	MOVE IN TODAY - PAY TOMORROW	"4.5 rooms, 100 m²"	"Dorfstrasse 29, 5025 Asp, AG"	"CHF 1,480.—"	
	Apartment is looking for tenants	"3.5 rooms, 62 m²"	"Maienzugstrasse 24, 5000 Aarau, AG"	"CHF 1,245.—"	
	Small apartment on the edge of town and forest with a view	"2.5 rooms, 60 m²"	"General Guisan-Str. 52, 5000 Aarau, AG"	"CHF 1,255.—"	
	2.0 room apartment in the old town	"2 rooms, 39 m²"	"Kronengasse 3, 5000 Aarau, AG"	"CHF 1,280.—"	
	Search. Find. Live!	"3 rooms, 69 m²"	"General Guisan-Str. 52, 5000 Aarau, AG"	"CHF 1,310.—"	
	Living near the train station	"3.5 rooms, 68 m²"	"Buchserstrasse 34, 5000 Aarau, AG"	"CHF 1,320.—"	
	"modern, bright 2.5 room penthouse"	"2.5 rooms, 61 m²"	"Woeschnauring 12, 5000 Aarau, AG"	"CHF 1,330.—"	
	In a quiet and sunny location just a few minutes from the train station	"4 rooms, 67 m²"	"Weihermattstrasse 40, 5000 Aarau, AG"	"CHF 1,340.—"	
	A view of the green is guaranteed!	"3 rooms, 69 m²"	"General Guisan-Str. 52, 5000 Aarau, AG"	"CHF 1,345.—"	
	LIVING ON THE OUTSIDE OF THE CITY IN THE GREEN	"2.5 rooms, 50 m²"	"Erzgrubenweg 27, 5000 Aarau, AG"	"CHF 1,390.—"	
	Central 3-room apartment in Aarau (furnished if desired)	"3 rooms, 60 m²"	"Schönenwerderstrasse 34, 5000 Aarau, AG"	"CHF 1,390.—"	
	Stay 2 months free	"2.5 rooms, 74 m²"	"Tannengut 1, 5000 Aarau, AG"	"CHF 1,400"	
	LIVING IN AARAU-SCHACHEN NEAR DOWNTOWN	"3 rooms, 66 m²"	"Im Ifang 2, 5000 Aarau, AG"	"CHF 1,450.—"	
	YOUR NEW HOME IN AARAU	"3 rooms, 66 m²"	"Im Ifang 2, 5000 Aarau, AG"	"CHF 1,450.—"	
	Bright 3.5 room apartments - up to 2 months free	"3.5 rooms, 79 m²"	"General-Guisanstrasse 45, 5000 Aarau, AG"	"CHF 1,451.—"	
	1.5 room apartment	"1.5 rooms, 32 m²"	"Rütmattstrasse 11, 5004 Aarau, AG"	"CHF 1,010.—"	
	Attractive living in the Telli development - the city within the city	"3.5 rooms, 66 m²"	"Rütmattstr. 3, 5004 Aarau, AG"	"CHF 1,440.—"	
	Rent without bail	"5.5 rooms, 107 m²"	"Rütmattstr. 8, 5004 Aarau, AG"	"CHF 1,680.—"	
	Quiet living in the green	"3 rooms, 73 m²"	"Kilbigstrasse 4, 5018 Erlinsbach, AG"	"CHF 1,280.—"	https://cis01.immoscout24.ch/ruhiges-wohnen-im-gruenen-erlinsbach?328x185/0/85/is24media/7e/ef/4f19a21f47-200122.jpg
	Partially renovated and bright 3.5 room apartment near Aarau	"3.5 rooms, 75 m²"	"Aarauerstr. 22 A + B, 5018 Erlinsbach, AG"	"CHF 1,290.—"	
	Modern 3.5 room apartment on the 3rd floor	"3.5 rooms, 75 m²"	"Aarauerstr. 22 A + B, 5018 Erlinsbach, AG"	"CHF 1,290.—"	
	Beautiful 3.5 room apartment	3.5 rooms	"Bläuenstrasse 5, 5018 Erlinsbach, AG"	"CHF 1,300"	
	Raised ground floor apartment is looking for you!	"3.5 rooms, 92 m²"	"Bläuenstrasse 12c, 5018 Erlinsbach, AG"	"CHF 1,350.—"	
	Apartment is looking for new tenants!	"3.5 rooms, 93 m²"	"Bläuenstrasse 14c, 5018 Erlinsbach, AG"	"CHF 1,360.—"	
	SUNNY 4 ROOM APARTMENT IN ERLINSBACH AG	"4 rooms, 75 m²"	"Aarauerstrasse 43, 5018 Erlinsbach, AG"	"CHF 1,370.—"	
	Bright and quiet 2 1/2 room apartment	"2.5 rooms, 60 m²"	"Hölimattweg 14, 5023 Biberstein, AG"	"CHF 1,020.—"	https://cis01.immoscout24.ch/helle-und-ruhige-2-1-2-zimmer-wohnung-biberstein?328x185/0/85/is24media/02/89/4df4129e42-200416.JPG
	Great and sunny apartment near the city of Aarau	"4.5 rooms, 83 m²"	"Aarauerstr. 26 A + B, 5018 Erlinsbach, AG"	"CHF 1,390.—"	
	Child-friendly residential area in a quiet location	"4 rooms, 88 m²"	"Kilbigstrasse 4, 5018 Erlinsbach, AG"	"CHF 1,450.—"	
	"Spacious, bright 4.5 room apartment"	4.5 rooms	"Aarauerstrasse 39, 5018 Erlinsbach, AG"	"CHF 1,510.—"	
	* Apartment looking for family *	"4.5 rooms, 106 m²"	"Bläuenstrasse 14a, 5018 Erlinsbach, AG"	"CHF 1,510.—"	
	First class 3.5 room apartment on a beautiful hillside	"3.5 rooms, 66 m²"	"Saligasse 10, 5018 Erlinsbach, AG"	"CHF 1,640.—"	
	Modern 3.5 room apartment in a 3 family house	"3.5 rooms, 94 m²"	"Reformationsweg 8, 5018 Erlinsbach, AG"	"CHF 1,790.—"	
	Furnished 3½ room dream penthouse tenants wanted	"3.5 rooms, 116 m²"	"Saligasse 1, 5018 Erlinsbach, AG"	"CHF 2,025.—"	
	3.5 Attic apartment in a quiet location with a dream view	"3.5 rooms, 79 m²"	"Saligasse 10, 5018 Erlinsbach, AG"	"CHF 2,260.—"	
	Spacious 4.5 room apartment in a top location	"4.5 rooms, 128 m²"	"Kilbigstrasse 9A, 5018 Erlinsbach, AG"	"CHF 2,370.—"	
	6.5 room Low energy house in the green on the edge of the forest	"6.5 rooms, 160 m²"	"Hinterbergweg 30, 5018 Erlinsbach, AG"	"CHF 2,560.—"	
	Newly built condominium - 1st floor	"2.5 rooms, 61 m²"	"Aaraustrasse 25A, 5018 Erlinsbach, AG"	"CHF 1,610.—"	
	New construction of condominium - ground floor + exclusive spacious green area	"2.5 rooms, 61 m²"	"Aaraustrasse 25A, 5018 Erlinsbach, AG"	"CHF 1,640.—"	
	detached house for one family	"6 rooms, 130 m²"	"Neuberg 21, 5018 Erlinsbach, AG"	"CHF 2,100.—"	
	Double family house for rent in a beautiful location in Erlinsbach	"5.5 rooms, 125 m²"	"Brühlstrasse 19, 5018 Erlinsbach, AG"	"CHF 2,500.—"	
	Rural and yet central	"3.5 rooms, 76 m²"	"Rombachtäli 19, 5022 Rombach, AG"	"CHF 1,350.—"	https://cis01.immoscout24.ch/laendlich-und-doch-zentral-rombach?328x185/0/85/is24media/ec/03/9cdfc9f647-200122.jpg
	Your retreat in Rombach	"3.5 rooms, 85 m²"	"Rombachtäli 17, 5022 Rombach, AG"	"CHF 1,430.—"	
	ROMBACH! MY CHARMING NEW HOME	"3.5 rooms, 69 m²"	"Bibersteinerstrasse 21, 5022 Rombach, AG"	"CHF 1,440.—"	
	Aarau city limits / near public transport	"4 rooms, 90 m²"	"Gysulastrasse 75, 5022 Rombach, AG"	"CHF 1,450.—"	
	Central but central	"3.5 rooms, 78 m²"	"Giessenweg 1, 5022 Rombach, AG"	"CHF 1,520.—"	
	Family friendly apartment	"4.5 rooms, 95 m²"	"Rombachtäli 15, 5022 Rombach, AG"	"CHF 1,600.—"	
	Move now and benefit! We give the 1st month for free!	"4.5 rooms, 101 m²"	"Rombachtäli 15, 5022 Rombach, AG"	"CHF 1,630.—"	
	Your new home!	"5.5 rooms, 108 m²"	"Rombachtäli 17, 5022 Rombach, AG"	"CHF 1,700"	
	Looking for a quiet apartment near Aarau?	"3.5 rooms, 88 m²"	"Widlerstrasse 5, 5022 Rombach, AG"	"CHF 1,820.—"	
	Duplex apartment with a wonderful terrace	"4.5 rooms, 155 m²"	"Bibersteinerstrasse 4, 5022 Rombach, AG"	"CHF 2,690.—"	
	"Living in the countryside, bright 2.5 room apartment"	"2.5 rooms, 42 m²"	"Gysulastrasse 74, 5022 Rombach, AG"	Price on request	
	For rent now	"4.5 rooms, 123 m²"	"Rainstrasse 7, 5022 Rombach, AG"	"CHF 1,785.—"	
	"charming, sunny old building apartment"	2 rooms	"Gartenweg 19, 5033 Buchs AG, AG"	"CHF 1,150.—"	https://cis01.immoscout24.ch/charmante-sonnige-altbauwohnung-buchs-ag?328x185/0/85/is24media/02/a8/4383a80a40-200304.JPG
	Nice new 3-room penthouse	"3 rooms, 71 m²"	"Gartenweg 19, 5033 Buchs AG, AG"	"CHF 1,550.—"	
	Plenty of space for your family!	"6.5 rooms, 198 m²"	"Mitteldorfstrasse 74, 5033 Buchs AG, AG"	"CHF 2,390.—"	
	CHARMING APARTMENT IN THE HEART OF BUCHS	"2 rooms, 40 m²"	"Rosengartenweg 10, 5033 Buchs AG, AG"	"CHF 1,100"	
	central 3-room apartment in the countryside	"3 rooms, 60 m²"	"Blumenweg 9, 5033 Buchs AG, AG"	"CHF 1,240.—"	
	bright 3 room apartment centrally located	"3 rooms, 53 m²"	"Amsleracherweg 18, 5033 Buchs AG, AG"	"CHF 1,245.—"	
	3 room apartment in a central and family friendly location	"3 rooms, 59 m²"	"Amsleracherweg 12, 5033 Buchs AG, AG"	"CHF 1,280.—"	
	"Light-flooded, modern 3-room apartment in Buchs"	"3 rooms, 62 m²"	"Amsleracherweg 14, 5033 Buchs AG, AG"	"CHF 1,285.—"	
	Well-kept 3rd room Penthouse for singles in Buchs AG	"3 rooms, 70 m²"	"Gysistrasse 12, 5033 Buchs AG, AG"	"CHF 1,290.—"	
	Your new home in beautiful Aargau including a free month	"4 rooms, 76 m²"	"Amsleracherweg 12, 5033 Buchs AG, AG"	"CHF 1,300"	
	Live comfortably and cheaply	4 rooms	"Brummelstrasse 13, 5033 Buchs AG, AG"	"CHF 1,380.—"	
	Here you are right in the middle of it	"3 rooms, 61 m²"	"Schulweg 12, 5033 Buchs AG, AG"	"CHF 1,400"	
	Nice 3 room apartment near the cantonal hospital	"3 rooms, 68 m²"	"Fluhweg 16, 5033 Buchs AG, AG"	"CHF 1,410.—"	
	Nice 3 room apartment near the cantonal hospital	"3 rooms, 68 m²"	"Fluhweg 16, 5033 Buchs AG, AG"	"CHF 1,410.—"	
	Inexpensive penthouse (including utility costs) for CHF 1'420.- in a quiet neighborhood	"3.5 rooms, 67 m²"	"Lochweg 29, 5033 Buchs AG, AG"	"CHF 1,420.—"	
	Garden apartment that meets all requirements ...	"2.5 rooms, 72 m²"	"Oberdorfstrasse 10, 5033 Buchs AG, AG"	"CHF 1,456.—"	
	In a quiet residential area	"4 rooms, 93 m²"	"Rosengartenweg 20, 5033 Buchs AG, AG"	"CHF 1,490.—"	
	"Unique super modern penthouse, 500 meters from the KSA"	"3.5 rooms, 125 m²"	"Aarauerstrasse 25, 5033 Buchs AG, AG"	"CHF 1,495.—"	
	3.5 - room apartment for rent	3.5 rooms	"Amsleracherweg 19, 5033 Buchs AG, AG"	"CHF 1,520.—"	
	Happiness of living on 89m2 in the center of Buchs	"3.5 rooms, 89 m²"	"Mitteldorfstrasse 74, 5033 Buchs AG, AG"	"CHF 1,540.—"	
	Cozy apartment in a quiet location	"4.5 rooms, 87 m²"	"Heinrich Wehrli-Str. 25, 5033 Buchs AG, AG"	"CHF 1,550.—"	
	Newly renovated 2.5 room apartment for rent	"2.5 rooms, 84 m²"	"Brummelmattstrasse 9, 5033 Buchs AG, AG"	"CHF 1,570.—"	
	Large 3.5 room apartment	"3.5 rooms, 95 m²"	"Gislifluestrasse 37, 5033 Buchs AG, AG"	"CHF 1,582.—"	
	Your apartment search ends here!	"3.5 rooms, 111 m²"	"Mitteldorfstrasse 74, 5033 Buchs AG, AG"	"CHF 1,640.—"	
	Environmentally conscious living - 2.5 room apartment in timber construction	"2.5 rooms, 70 m²"	"Pilatusstrasse 8, 5032 Aarau Rohr, AG"	"CHF 1,363.—"	https://cis01.immoscout24.ch/umweltbewusst-wohnen---2-5-zi-wohnung-in-holzbauwe-aarau-rohr?328x185/0/85/is24media/65/b6/a87073a84b-200421.jpg
	"Inexpensive single family house with large barn / storage, arbor and garden"	"4.5 rooms, 97 m²"	"Hauptstrasse 47, 5032 Aarau Rohr, AG"	"CHF 2,090.—"	
	Bijour for you	"2 rooms, 38 m²"	"Quellhölzlistrasse 21, 5032 Aarau Rohr, AG"	"CHF 1,050.—"	
	"Quiet & central living in Aarau-Rohr (terrace, balcony & 2 room apartment)"	"3.5 rooms, 72 m²"	"Hinterdorfstrasse 18, 5032 Aarau Rohr, AG"	"CHF 1,290.—"	
	IDEAL LOCATION	"3.5 rooms, 75 m²"		"CHF 1,390.—"	
	"In a beautiful, quiet location 2 1/2 room apartment for rent"	"2.5 rooms, 69 m²"	"Pilatusstrasse 18, 5032 Aarau Rohr, AG"	"CHF 1,430.—"	
	RENT WITHOUT DEPOT - Fabulous living	"2.5 rooms, 73 m²"	"Siebenmatten 5a, 5032 Aarau Rohr, AG"	"CHF 1,445.—"	
	*** Living in a rural area and still close to the city ***	"2.5 rooms, 67 m²"	"Siebenmatten 9, 5032 Aarau Rohr, AG"	"CHF 1,620.—"	
	DEPOSIT FREE RENTING! Your future home ...	"2.5 rooms, 98 m²"	"Siebenmatten 5c, 5032 Aarau Rohr, AG"	"CHF 1,630.—"	
	Seat with an adjacent natural meadow	"3.5 rooms, 90 m²"	"Trieschäckerstrasse 14, 5032 Aarau Rohr, AG"	"CHF 1,700"	
	"Bright, modern 3.5 room apartment on the 3rd floor"	"3.5 rooms, 91 m²"	"Trieschäckerstrasse 8, 5032 Aarau Rohr, AG"	"CHF 1,720.—"	
	RENT WITHOUT DEPOT- You will feel comfortable here!	"3.5 rooms, 94 m²"	"Siebenmatten 3a, 5032 Aarau Rohr, AG"	"CHF 1,720.—"	
	RENT WITHOUT DEPOT - First class apartment!	"3.5 rooms, 93 m²"	"Siebenmatten 1c, 5032 Aarau Rohr, AG"	"CHF 1,730.—"	
	CENTRAL AND STILL QUIET LIVING	"3.5 rooms, 94 m²"	"Im Fuchswinkel 4b, 5032 Aarau Rohr, AG"	"CHF 1,740.—"	
	First time use - garden seat with evening sun to enjoy	"3.5 rooms, 73 m²"	"Am Heuweg 16, 5032 Aarau Rohr, AG"	"CHF 1,740.—"	
	"High standard of construction, quiet tenants"	"3.5 rooms, 89 m²"	"Trieschäckerstrasse 2, 5032 Aarau Rohr, AG"	"CHF 1,750.—"	
	Looking for a dream home on the edge of a forest?	"3.5 rooms, 89 m²"	"Trieschäckerstrasse 6, 5032 Aarau Rohr, AG"	"CHF 1,760.—"	
	Exclusive 4 1/2 room apartment	"4.5 rooms, 106 m²"	"Hauptstrasse 98a, 5032 Aarau Rohr, AG"	"CHF 1,830.—"	
	Exclusive 3 1/2 room penthouse	"3.5 rooms, 85 m²"	"Hauptstrasse 98, 5032 Aarau Rohr, AG"	"CHF 1,870.—"	
	FEEL-GOOD OASIS FOR FAMILIES	"4.5 rooms, 117 m²"	"Gislifluhstrasse 11, 5032 Aarau Rohr, AG"	"CHF 1,940.—"	
	Living in a rural environment and still close to the city	"4.5 rooms, 106 m²"	"Siebenmatten 7, 5032 Aarau Rohr, AG"	"CHF 1,950.—"	
	Modern development in a green location	"4.5 rooms, 117 m²"	"Hauptstrasse 37b, 5032 Aarau Rohr, AG"	"CHF 1,955.—"	
	ATTRACTIVE | STYLISH | MINERGIE	"4.5 rooms, 100 m²"	"Hauptstrasse 88, 5032 Aarau Rohr, AG"	"CHF 1,990.—"	
	Modern loft with a view of the south Jura foot	"1 room, 107 m²"	"Hauptstrasse 35, 5032 Aarau Rohr, AG"	"CHF 2,050.—"	
	Relaxed living!	"4.5 rooms, 103 m²"	"Hardackerstrasse 35, 5301 Siggenthal Station, AG"	"CHF 1,720.—"	https://cis01.immoscout24.ch/entspanntes-wohnen!-siggenthal-station?328x185/0/85/is24media/9d/00/a0433b1147-200421.jpg
	Looking for a dream duplex apartment? - Ideal for families	"5.5 rooms, 116 m²"	"Hardackerstrasse 29, 5301 Siggenthal Station, AG"	"CHF 1,860.—"	
	Modern duplex apartment near the edge of the forest!	"5.5 rooms, 150 m²"	"Hardackerstrasse 35, 5301 Siggenthal Station, AG"	"CHF 2,030.—"	
	Spacious and bright apartment	"5.5 rooms, 122 m²"	"Hauptstrasse 16, 5042 Hirschthal, AG"	"CHF 1,650.—"	https://cis01.immoscout24.ch/grosszuegige-und-helle-wohnung-hirschthal?328x185/0/85/is24media/9e/27/56cb0a2548-200220.jpg
	Idyllic 4-room apartment	"4 rooms, 110 m²"	"Blumenweg 6, 5042 Hirschthal, AG"	"CHF 1,890.—"	
	4.5 room apartments on 1 floor	"4.5 rooms, 125 m²"		"CHF 2,070.—"	
	2-person flat share in 5 1/2-room house	"1 room, 18 m²"	"Talstrasse 35, 5042 Hirschthal, AG"	CHF 790.—	
	"spacious open 3.5 room apartment - live ""in the middle village"""	"3.5 rooms, 88 m²"	"Hauptstrasse 66, 5035 Unterentfelden, AG"	"CHF 1,770.—"	https://cis01.immoscout24.ch/grosszuegige-offene-3-5-zimmerwohnung---wohnen-im--unterentfelden?328x185/0/85/is24media/c8/fe/1bb4cc0940-200212.jpg
	Flat share * studio's * apartment's * apartments	1 room	"Hauptstrasse 7, 5035 Unterentfelden, AG"	CHF 450.—	
	Cheap 1 room for rent	1 room	"Hauptstrasse 7, 5035 Unterentfelden, AG"	CHF 450.—	
	Apartment with everything your heart desires		"Tramweg 10, 5035 Unterentfelden, AG"	"CHF 1,250.—"	
	"quiet, yet central location"	"3.5 rooms, 79 m²"	"Neufeldstrasse 5, 5035 Unterentfelden, AG"	"CHF 1,395.—"	
	Modern 3 room apartment on the third floor (top) in Unterentfelden	3 rooms	"Kirchweg 4, 5035 Unterentfelden, AG"	"CHF 1,396.—"	
	"Great apartment in a central, bright location"	"3 rooms, 63 m²"	"Sämisweidstrasse 5, 5035 Unterentfelden, AG"	"CHF 1,410.—"	
	Rent without bail! - your new home!	"4.5 rooms, 79 m²"	"Kirchweg 1/3/5, 5035 Unterentfelden, AG"	"CHF 1,470.—"	
	"Bright, pretty 4.5 room apartment with balcony, lots of green space - per 1.7."	"4.5 rooms, 100 m²"	"Quellmattstrasse 78, 5035 Unterentfelden, AG"	"CHF 1,480.—"	
	cozy 2.5-room apartment with spacious seating	"2.5 rooms, 65 m²"	"Nordweg 25, 5035 Unterentfelden, AG"	"CHF 1,490.—"	
	Modern 4 room apartment (ground floor) in Unterentfelden	4 rooms	"Kirchweg 4, 5035 Unterentfelden, AG"	"CHF 1,496.—"	
	quiet location and yet central	"4.5 rooms, 110 m²"	"Neufeldstrasse 5, 5035 Unterentfelden, AG"	"CHF 1,575.—"	
	Deposit free renting! We give you presents!	"4.5 rooms, 92 m²"	"Kirchweg 17, 5035 Unterentfelden, AG"	"CHF 1,580.—"	
	Space for the whole family!	"4.5 rooms, 92 m²"	"Eichenweg 3, 5035 Unterentfelden, AG"	"CHF 1,620.—"	
	Modern 3.5 room apartment with property standard	"3.5 rooms, 98 m²"	"Suhrenmattstrasse 6, 5035 Unterentfelden, AG"	"CHF 1,800"	
	Wellbeing oasis for families	"4.5 rooms, 106 m²"	"Fliederweg 17, 5035 Unterentfelden, AG"	CHF 1.905.—	
	"A space miracle with or without children! - live ""in the middle of the village"""	"4.5 rooms, 115 m²"	"Hauptstrasse 64, 5035 Unterentfelden, AG"	"CHF 2,110.—"	
	the world from the top - 3.5-room penthouse apartment with 70m2 terrace	"3.5 rooms, 102 m²"	"Hauptstrasse 64, 5035 Unterentfelden, AG"	"CHF 2,240.—"	
	4 1/2 room apartment	"4.5 rooms, 114 m²"	"Oberdorfstrasse 18, 5035 Unterentfelden, AG"	"CHF 1,793.—"	
	4.5 room double family house	4.5 rooms	"Oberdorfstrasse 29, 5035 Unterentfelden, AG"	"CHF 1,850.—"	
	"Nice and quiet garden apartment. Close to bus / shopping, quickly at the train station"	"3.5 rooms, 60 m²"	"Weihermattstrasse 42, 5000 Aarau, AG"	"CHF 1,490.—"	https://cis01.immoscout24.ch/schoene-und-ruhige-gartewohnung-naehe-bus-einkauf-aarau?328x185/0/85/is24media/0d/7c/d4cb3b644e-200310.JPG
	Great apartment is looking for new tenants	"3 rooms, 68 m²"	"Bachstrasse 101, 5000 Aarau, AG"	"CHF 1,490.—"	
	Quiet & beautiful residential area	"3.5 rooms, 79 m²"	"Tannengut 3, 5000 Aarau, AG"	"CHF 1,500"	
	Stay 1 month free	"4.5 rooms, 92 m²"	"Tannengut 6, 5000 Aarau, AG"	"CHF 1,500"	
	Living with foresight!	"4 rooms, 80 m²"	"General Guisan-Str. 52, 5000 Aarau, AG"	"CHF 1,525.—"	
	"Cozy 4.5 room apartment, with caretaker!"	4.5 rooms	"Erzgrubenweg 17, 5000 Aarau, AG"	"CHF 1,550.—"	
	beautiful bright old town apartment	2.5 rooms	"Metzgergasse 22, 5000 Aarau, AG"	"CHF 1,550.—"	
	Charming 2½ room apartment with fireplace	"2.5 rooms, 65 m²"	"Bergstrasse 18, 5000 Aarau, AG"	"CHF 1,570.—"	
	Bijou for you!	"3.5 rooms, 79 m²"	"General-Guisanstrasse 45, 5000 Aarau, AG"	"CHF 1,575.—"	
	A gem in the middle of the old town of Aarau	"3.5 rooms, 128 m²"	"Ziegelrain 1, 5000 Aarau, AG"	"CHF 1,580.—"	
	"A lot of green, calm and serenity"	"3 rooms, 71 m²"	"General Guisan-Strasse 31, 5000 Aarau, AG"	"CHF 1,583.—"	
	2 rent free!	"3.5 rooms, 91 m²"	"Tannengut 3, 5000 Aarau, AG"	"CHF 1,585.—"	
	Living in a quiet yet central location	4.5 rooms	"Dammweg 59, 5000 Aarau, AG"	"CHF 1,590.—"	
	Stay 2 months free	"3.5 rooms, 86 m²"	"Tannengut 1, 5000 Aarau, AG"	"CHF 1,600.—"	
	Nice apartment near the train station	"3.5 rooms, 79 m²"	"Bachstrasse 97, 5000 Aarau, AG"	"CHF 1,610.—"	
	"2½ room apartment, 72 m2"	"2.5 rooms, 72 m²"	"Aarepark 5c, 5000 Aarau, AG"	"CHF 1,670.—"	
	Generous and inexpensive 3 1/2 rooms. Old town apartment	3.5 rooms	"Kasinostrasse 17, 5000 Aarau, AG"	"CHF 1,690.—"	
	Beautiful apartment is looking for new tenants	"4 rooms, 69 m²"	"Ziegelrain 17, 5000 Aarau, AG"	"CHF 1,710.—"	
	urban loft - perfect single apartment	"1 room, 69 m²"	"Tellistrasse 92, 5000 Aarau, AG"	"CHF 1,710.—"	
	3-room duplex apartment in the old town	3 rooms	"Halden 28, 5000 Aarau, AG"	"CHF 1,750.—"	
	Ideal for young and old!	"3 rooms, 87 m²"	"Goldernstrasse 32, 5000 Aarau, AG"	"CHF 1,765.—"	
	Cozy living with charm	4.5 rooms	"Bachstrasse 68, 5000 Aarau, AG"	"CHF 1,800"	
	Living near the old town!	"3.5 rooms, 76 m²"	"Erlinsbacherstrasse 20, 5000 Aarau, AG"	"CHF 1,810.—"	
	Living with a view over Aarau	"3.5 rooms, 72 m²"	"Reutlingerstrasse 10, 5000 Aarau, AG"	"CHF 1,830.—"	
	Flat share * studio's * apartment's * apartments	1 room		CHF 450.—	
	Totally renovated 4.5 room apartment in a prime location!	4.5 rooms	"Stöcklimattweg 1, 5037 Muhen, AG"	"CHF 1,390.—"	
	Close to the center in the country ..	"4.5 rooms, 93 m²"	"Hauptstrasse 27, 5037 Muhen, AG"	"CHF 1,470.—"	
	3.5 room apartment with a lot of comfort in a beautiful residential area	"3.5 rooms, 92 m²"	"Multenrain 28, 5037 Muhen, AG"	"CHF 1,700"	
	"TOP MODERN, LOT OF SPACE AND A VIEW OF THE GREEN"	"5.5 rooms, 120 m²"		"CHF 1,770.—"	
	TOP MODERN WITH FAR VISION AND A LARGE BALCONY	"4.5 rooms, 120 m²"		"CHF 1,780.—"	
	Modern and open apartment	"4.5 rooms, 120 m²"	"Brühlstrasse 2, 5037 Muhen, AG"	"CHF 1,960.—"	
	Large 4.5 room apartment with lots of sun	"4.5 rooms, 115 m²"	"Buchsweg 5, 5037 Muhen, AG"	"CHF 2,000.—"	
	Alpha Immobilien rents: Fantastic 4.5 room new attic apartment in Muhen with a very attractive package of additional costs	"4.5 rooms, 126 m²"	"Hirziweg 9, 5037 Muhen, AG"	"CHF 2,655.—"	
	Shared room free	"1 room, 19 m²"	"Hauptstrasse, 31, 5037 Muhen, AG"	CHF 750.—	
	Bright 3 1/2 room apt. with patio	"3.5 rooms, 70 m²"		"CHF 1,225.—"	
	We rent independence! - Looking for tenant!	"3 rooms, 69 m²"	"Uerkenweg 15, 5036 Oberentfelden, AG"	"CHF 1,395.—"	https://cis01.immoscout24.ch/wir-vermieten-unabhaengigkeit!---nachmieter-gesucht-oberentfelden?328x185/0/85/is24media/9a/4f/59a0f9c242-200414.jpg
	Newly created penthouses centrally located	"3.5 rooms, 106 m²"	"Hintere Bahnhofstrasse 1, 5036 Oberentfelden, AG"	"CHF 1,700"	
	Small 3 room apartment / very suitable for offices	"3 rooms, 42 m²"	"Unterdorfstrasse 15, 5036 Oberentfelden, AG"	CHF 965.—	
	Top modern 1.5 room apartment + incl. Wash tower	"1.5 rooms, 35 m²"	"Walther-Bürsten-Strasse 1, 5036 Oberentfelden, AG"	CHF 990.—	
	YOUR JEWELERY	"2.5 rooms, 53 m²"	"Aarauerstrasse 11, 5036 Oberentfelden, AG"	"CHF 1,230.—"	
	Luxury penthouse apartment with two large terraces in Oberentfelden	"1.5 rooms, 30 m²"	"Köllikerstrasse 25, 5036 Oberentfelden, AG"	"CHF 1,290.—"	
	We rent LEISURE!	"3 rooms, 64 m²"	"Erlenweg 8, 5036 Oberentfelden, AG"	"CHF 1,395.—"	
	"Bijou for you! very large 2.5 room apartment, 2 months free!"	"2.5 rooms, 77 m²"	"Wässermattweg 14, 5036 Oberentfelden, AG"	"CHF 1,410.—"	
	We rent LEISURE!	"3.5 rooms, 81 m²"	"Innere Mattenstrasse 16, 5036 Oberentfelden, AG"	"CHF 1,495.—"	
	"3 room apartment in AARAU WEST, Oberentfelden"	"3 rooms, 75 m²"	"Muhenstrasse 60, 5036 Oberentfelden, AG"	"CHF 1,550.—"	
	"Your new home in a family-friendly environment, 2 months free"	"3.5 rooms, 90 m²"	"Untere Holzstrasse 21, 5036 Oberentfelden, AG"	"CHF 1,550.—"	
	A 3.5 room apartment that is waiting for you / 2 months free	"3.5 rooms, 91 m²"	"Untere Holzstrasse 23, 5036 Oberentfelden, AG"	"CHF 1,560.—"	
	Nice 3.5 room apartment with seating	"3.5 rooms, 89 m²"	"Bergstrasse 21, 5036 Oberentfelden, AG"	"CHF 1,600.—"	
	YOUR NEW WELL-BEING DOMICILE	"3.5 rooms, 92 m²"	"Hintere Bahnhofstrasse 9, 5036 Oberentfelden, AG"	"CHF 1,620.—"	
	Where nature is at home! - First time use	"3.5 rooms, 82 m²"		"CHF 1,680.—"	
	"Liv (e) it, Love it, Rent it"	"4.5 rooms, 91 m²"	"Innere Mattenstrasse 20, 5036 Oberentfelden, AG"	"CHF 1,695.—"	
	"Köllikerstrasse 2A, Oberentfelden"		"Köllikerstrasse 2A, 5036 Oberentfelden, AG"	"CHF 1,700"	
	Family-friendly gem / 2 months free of charge	"4.5 rooms, 111 m²"	"Wässermattweg 8, 5036 Oberentfelden, AG"	"CHF 1,750.—"	
	"Family-friendly piece of jewelry, 2 months free"	"4.5 rooms, 107 m²"	"Untere Holzstrasse 23, 5036 Oberentfelden, AG"	"CHF 1,760.—"	
	4.5 room apartment with 16.10 m2 balcony	"4.5 rooms, 110 m²"	"Bergstrasse 21, 5036 Oberentfelden, AG"	"CHF 1,770.—"	
	Relax and feel good near the city! - First time use	"3.5 rooms, 82 m²"	"Suhrerstrasse 49, 5036 Oberentfelden, AG"	"CHF 1,780.—"	
	Unique living - first time use	"3.5 rooms, 73 m²"	"Suhrerstrasse 49, 5036 Oberentfelden, AG"	"CHF 1,780.—"	
	"High quality, modern 3.5 room apartment with garden seating"	"3.5 rooms, 88 m²"	"Parkstrasse 4, 5036 Oberentfelden, AG"	"CHF 1,790.—"	
	YOUR NEW REALM	"4.5 rooms, 113 m²"	"Hintere Bahnhofstrasse 5, 5036 Oberentfelden, AG"	"CHF 1,850.—"	
	At home with a view of the countryside!	"2.5 rooms, 59 m²"	"Frohdörfli 20, 5034 Suhr, AG"	"CHF 1,270.—"	https://cis01.immoscout24.ch/zu-haus-mit-blick-ins-gruene!-suhr?328x185/0/85/is24media/7c/a9/e662e4e741-200422.jpg
	"Bright, furnished apartment with a view of the countryside"	"1.5 rooms, 30 m²"	"Frohdörfli 28, 5034 Suhr, AG"	CHF 920.—	
	For rent on June 1st onV near cantonal hospital beautiful 2 room apartment	"2 rooms, 52 m²"	"Gysulaweg 10, 5034 Suhr, AG"	"CHF 1,100"	
	Bijou for you!	"2 rooms, 50 m²"	"Tramstr. 105, 5034 Suhr, AG"	"CHF 1,100"	
	Bright and spacious apartment in the center of Suhr	"2.5 rooms, 58 m²"	"Obere Dorfstrasse 12, 5034 Suhr, AG"	"CHF 1,145.—"	
	Feel good in Suhr - shopping voucher when you sign a rental agreement	"2.5 rooms, 59 m²"	"Frohdörfli 24, 5034 Suhr, AG"	"CHF 1,240.—"	
	"Bright, renovated 2.5 room apartment"	"2.5 rooms, 58 m²"	"Buhaldeweg 3, 5034 Suhr, AG"	"CHF 1,250.—"	
	Bright rooms combined with an attractive floor plan	3.5 rooms	"Wynemattestrasse 12, 5034 Suhr, AG"	"CHF 1,281.—"	
	Secure your shopping voucher now - live in the countryside and yet central!	"3 rooms, 61 m²"	"Frohdörfli 24, 5034 Suhr, AG"	"CHF 1,300"	
	Secure your shopping voucher now - live in the countryside and yet central!	"3 rooms, 61 m²"	"Frohdörfli 13, 5034 Suhr, AG"	"CHF 1,300"	
	Secure your shopping voucher now - live in the countryside and yet central!	"3 rooms, 61 m²"	"Frohdörfli 18, 5034 Suhr, AG"	"CHF 1,300"	
	For warm evenings at the fireplace!	"3.5 rooms, 73 m²"	"Roggenweg 10, 5034 Suhr, AG"	"CHF 1,345.—"	
	Modern 3 room apartment with whirlpool tub	"3 rooms, 65 m²"	"Tramstrasse 37, 5034 Suhr, AG"	"CHF 1,360.—"	
	Your new home in Suhr	"3 rooms, 94 m²"	"Obere Dorfstrasse 12, 5034 Suhr, AG"	"CHF 1,370.—"	
	Search. Find. Living.	"3.5 rooms, 76 m²"	"Buhaldeweg 7, 5034 Suhr, AG"	"CHF 1,420.—"	
	Your new apartment with a garden seat!	"3.5 rooms, 84 m²"	"Tramstr. 107, 5034 Suhr, AG"	"CHF 1,460.—"	
	3.5 room apartment in a quiet location with a lot of views	"3.5 rooms, 78 m²"	"Buhaldeweg 3, 5034 Suhr, AG"	"CHF 1,480.—"	
	Freshly renovated - a dream!	"3.5 rooms, 74 m²"	"Zollweg 4B, 5034 Suhr, AG"	"CHF 1,490.—"	
	Your place in the sun	3 rooms	"Postweg 4, 5034 Suhr, AG"	"CHF 1,490.—"	
	Renovated apartment near Aarau Cantonal Hospital	4.5 rooms	"Hübeliackerweg 4, 5034 Suhr, AG"	"CHF 1,490.—"	
	Pretty 3 room apartment with seating	3 rooms	"Tramstrasse 121a, 5034 Suhr, AG"	"CHF 1,500"	
	MODERN AND LIVING NEAR SCHOOL	"3.5 rooms, 90 m²"	"Mattenweg 7c, 5034 Suhr, AG"	"CHF 1,550.—"	
	Search. Find. Living.	"4.5 rooms, 94 m²"	"Wynemattestrasse 4, 5034 Suhr, AG"	"CHF 1,610.—"	
	FAMILY FRIENDLY AND QUIET WITH LARGE BALCONY!	"3.5 rooms, 110 m²"		"CHF 1,620.—"	
	IN THE HEART OF THE OLD TOWN	2.5 rooms		"CHF 1,820.—"	https://cis01.immoscout24.ch/im-herzen-der-altstadt-baden?328x185/0/85/is24media/4f/85/0c4dd60746-200403.jpg
	Central living in Baden	"2 rooms, 67 m²"	"Long house 4, 5400 Baden, AG"	"CHF 1,955.—"	https://cis01.immoscout24.ch/zentral-wohnen-in-baden-baden?328x185/0/85/is24media/f7/27/0fc5839845-200409.jpg
	Looking for an exclusive apartment in a quiet location in Baden?	"3.5 rooms, 112 m²"	"Ländliweg 4, 5400 Baden, AG"	"CHF 2,610.—"	
	3.5 room apartment with a beautiful view	"3.5 rooms, 75 m²"	"Mellingerstrasse 99, 5400 Baden, AG"	"CHF 1,620.—"	
	Best in town!	"1 room, 24 m²"	"Bruggerstrasse 44, 5400 Baden, AG"	"CHF 1,075.—"	
	In the center of the city of Baden!	"1 room, 17 m²"	"Haselstrasse 9, 5400 Baden, AG"	CHF 950.—	
	Apartment in the center of Baden is looking for single!	"1 room, 22 m²"	"Haselstrasse 9, 5400 Baden, AG"	"CHF 1,050.—"	
	Living in the heart of Baden!	"1 room, 20 m²"	"Haselstrasse 9, 5400 Baden, AG"	"CHF 1,090.—"	
	Centrally located apartment	3.5 rooms	"Mellingerstrasse 52a, 5400 Baden, AG"	"CHF 1,390.—"	
	"Centrally located, bright 2-room apartment in Baden!"	"2 rooms, 60 m²"	"Mellingerstrasse 48, 5400 Baden, AG"	"CHF 1,390.—"	
	Bright apartment in a great location!	"3.5 rooms, 71 m²"	"Mellingerstrasse 48, 5400 Baden, AG"	"CHF 1,435.—"	
	Charming 3.5 room apartment in a central location!	3.5 rooms	"Wettingerstrasse 7, 5400 Baden, AG"	"CHF 1,460.—"	
	Living in a quiet location	"3 rooms, 64 m²"	"Kehlstrasse 47, 5400 Baden, AG"	"CHF 1,530.—"	
	Living dream in the property standard: modern & flooded with light	"2.5 rooms, 66 m²"	"Bruggerstrasse 101, 5400 Baden, AG"	"CHF 1,540.—"	
	Generous living in the bathing area!	"2.5 rooms, 70 m²"	"Römerstrasse 4, 5400 Baden, AG"	"CHF 1,570.—"	
	Central living on the border to Wettingen	"3 rooms, 70 m²"	"Lägernstrasse 13, 5400 Baden, AG"	"CHF 1,615.—"	
	Living in historic rooms	2.5 rooms	"Obere Halde 18, 5400 Baden, AG"	"CHF 1,680.—"	
	Exclusive old town apartment in the center of Baden	"3.5 rooms, 73 m²"	"Cordulaplatz 6, 5400 Baden, AG"	"CHF 1,700"	
	Great completely renovated apartment with balcony in a great location!	3.5 rooms	"Schartenstrasse 1, 5400 Baden, AG"	"CHF 1,720.—"	
	Furniture 2-room apt. Near Bhf / Furnished 1-Room Apt. near SBB station	"2 rooms, 31 m²"	"Baderstrasse 18, 5400 Baden, AG"	"CHF 1,795.—"	
	Attractive living in the White Tower - www.whitetower-baden.ch	"3.5 rooms, 79 m²"	"Kehlstrasse 45, 5400 Baden, AG"	"CHF 1,825.—"	
	Over the roofs of Baden	3.5 rooms	"Badstrasse 18, 5400 Baden, AG"	"CHF 1,850.—"	
	Top modern 4.5 room apartment!	"4.5 rooms, 94 m²"	"Ziegelhaustrasse 10, 5400 Baden, AG"	"CHF 1,874.—"	
	City apartment in the center of Baden	"3.5 rooms, 84 m²"	"Stadtturmstrasse 22, 5400 Baden, AG"	"CHF 1,925.—"	
	"Central, but still quiet"	"3 rooms, 77 m²"	"St. Christophstrasse 6, 5400 Baden, AG"	"CHF 1,950.—"	
	Perfect for singles!	"1 room, 35 m²"	"Grubstr. 12, 5300 Turgi, AG"	CHF 910.—	https://cis01.immoscout24.ch/perfekt-fuer-singles!-turgi?328x185/0/85/is24media/47/b5/1261399440-200330.jpg
	Search. Find. Living.	"1 room, 35 m²"	"Grubstr. 12, 5300 Turgi, AG"	CHF 940.—	
	Ideal apartment for commuters and singles!	"1 room, 39 m²"	"Grubstrasse 9, 5300 Turgi, AG"	CHF 990.—	
	"2-room apartment, newly renovated"	"2 rooms, 60 m²"	"Neumättlistrasse 9, 5300 Turgi, AG"	"CHF 1,160.—"	
	Free living!	"3.5 rooms, 84 m²"	"Winterhaldenstrasse 60A, 5300 Turgi, AG"	"CHF 1,465.—"	
	Living in Turgi - parking space included in the price!	"3 rooms, 71 m²"	"Grubstrasse 9, 5300 Turgi, AG"	"CHF 1,470.—"	
	Welcome Home!	"3 rooms, 68 m²"	"Grubstr. 12, 5300 Turgi, AG"	"CHF 1,470.—"	
	Your new home in Turgi	"3.5 rooms, 80 m²"	"Grubstrasse 9, 5300 Turgi, AG"	"CHF 1,530.—"	
	"Attention, ready - live!"	"3 rooms, 68 m²"	"Grubstr. 12, 5300 Turgi, AG"	"CHF 1,550.—"	
	Free living!	"4.5 rooms, 98 m²"	"Winterhaldenstrasse 62A, 5300 Turgi, AG"	"CHF 1,640.—"	
	For rent - in a quiet and sunny location!	"4 rooms, 80 m²"	"Allmendstrasse 9a, 5300 Turgi, AG"	"CHF 1,650.—"	
	Living in the green at the gates of Baden	"4.5 rooms, 86 m²"	"Baumgartenweg 12, 5300 Turgi, AG"	"CHF 1,655.—"	
	Modern 3.5 room apartment with seating	"3.5 rooms, 73 m²"	"Kroenenstrasse 2c, 5300 Turgi, AG"	"CHF 1,820.—"	
	Perfectly located 3.5 room apartment with loggia	"3.5 rooms, 73 m²"	"Kronenstrasse 2c, 5300 Turgi, AG"	"CHF 1,850.—"	
	State-of-the-art new-build living close to nature and forest	"3.5 rooms, 95 m²"		"CHF 1,900.—"	
	New penthouse with a beautiful view of the countryside	"2.5 rooms, 116 m²"		"CHF 1,950.—"	
	Living with foresight!	"4.5 rooms, 96 m²"	"Allmendstrasse 42, 5300 Turgi, AG"	"CHF 2,170.—"	
	New charm for families in a friendly location	"4.5 rooms, 106 m²"		"CHF 2,175.—"	
	3.5 room penthouse with large terrace 61.5 m2	"3.5 rooms, 90 m²"	"Kronenstrasse 2c, 5300 Turgi, AG"	"CHF 2,325.—"	
	Nice apartment in a quiet and central location with a seat and balcony	2 rooms	"Stepped path 19, 5300 Turgi, AG"	"CHF 1,230.—"	
	Fantastic place to live!	"4.5 rooms, 119 m²"	"Hauptstr. 23a, 5032 Aarau Rohr, AG"	"CHF 2,070.—"	https://cis01.immoscout24.ch/traumhaft-wohngellassung!-aarau-rohr?328x185/0/85/is24media/a7/dd/4bdee70548-200415.jpg
	Modern loft in the Quellenpark	"1 room, 140 m²"	"Hauptstrasse 35, 5032 Aarau Rohr, AG"	"CHF 2,090.—"	
	Exclusive 3 1/2 room attic apartment with a fantastic view	3.5 rooms	"Fuchswinkel 6A, 5032 Aarau Rohr, AG"	"CHF 2,100.—"	
	Relax and enjoy as soon as you are at home	"3.5 rooms, 93 m²"	"Trieschäckerstrasse 18, 5032 Aarau Rohr, AG"	"CHF 2,200.—"	
	Attic apartment with a view of the countryside!	"3.5 rooms, 92 m²"	"Trieschäckerstrasse 14, 5032 Aarau Rohr, AG"	"CHF 2,210.—"	
	Light-flooded attic apartment with a large roof terrace	"4.5 rooms, 131 m²"	"Hauptstrasse 37c, 5032 Aarau Rohr, AG"	"CHF 2,615.—"	
	Fantastic penthouse with a large terrace	"4.5 rooms, 151 m²"	"Gislifluhstr. 2, 5032 Aarau Rohr, AG"	"CHF 2,665.—"	
	beautiful	3.5 rooms	"Hauptstrasse 44, 5032 Aarau Rohr, AG"	"CHF 1,560.—"	
	4.5 room apartment (condominium)	"4.5 rooms, 107 m²"	"Siebenmatten 69, 5032 Aarau Rohr, AG"	"CHF 1,990.—"	
	Your new apartment in the beautiful bathing area!	"2 rooms, 46 m²"	"Grendelstrasse 26, 5408 Ennetbaden, AG"	"CHF 1,090.—"	https://cis01.immoscout24.ch/deine-neue-wohnung-im-wunderschoenen-baederquartier!-ennetbaden?328x185/0/85/is24media/34/44/c09170584d-200310.jpg
	Beautiful 2.5 room apartment for rent	"2.5 rooms, 66 m²"	"Sonnenbergstrasse 51, 5408 Ennetbaden, AG"	"CHF 1,560.—"	
	Bright apartment with two balconies and wonderful foresight	3.5 rooms	"Schlierenstrasse 27, 5408 Ennetbaden, AG"	"CHF 1,650.—"	
	Charming loft apartment near the city	"3.5 rooms, 72 m²"	"Geissbergstrasse 21, 5408 Ennetbaden, AG"	"CHF 1,890.—"	
	Beautiful 3.5 room apartment with WM & tumbler	"3.5 rooms, 92 m²"	"Sonnenbergstrasse 51, 5408 Ennetbaden, AG"	"CHF 1,980.—"	
	Live modern in the bathing area	"2.5 rooms, 86 m²"	"Hertensteinstrasse 7, 5408 Ennetbaden, AG"	"CHF 2,155.—"	
	Furniture 2-room apt. central & modern / Furnished 2-Room Apt	"2 rooms, 49 m²"	"Badstrasse 16, 5408 Ennetbaden, AG"	"CHF 2,350.—"	
	Living in the heart of Ennetbaden	"3.5 rooms, 90 m²"	"Hertensteinstrasse 7, 5408 Ennetbaden, AG"	"CHF 2,380.—"	
	Furniture 2.5 room apt. modern & high quality / Furnished 2.5-room Apt. centr	2.5 rooms	"Badstrasse 16, 5408 Ennetbaden, AG"	"CHF 2,950.—"	
	Furniture 4-room apt. central & modern / Furnished 24Room Apt	"4.5 rooms, 130 m²"	"Badstrasse 16, 5408 Ennetbaden, AG"	"CHF 3,950.—"	
	3.5 room apartment in Ennetbaden	3.5 rooms		Price on request	
	Modern and bright apartment on the Limmat	"3.5 rooms, 90 m²"	"Hertensteinstrasse 7, 5408 Ennetbaden, AG"	"CHF 2,565.—"	
	nice 2-room apartment for rent	2 rooms	"Badenerstrasse 16, 5413 Birmenstorf AG, AG"	"CHF 1,125.—"	https://cis01.immoscout24.ch/herzige-2-zimmerwohnung-zu-vermieten-bialenstorf-ag?328x185/0/85/is24media/5d/2f/bde8bbeb46-200416.jpg
	Bright apartment with 68m2 - motorway access within a few minutes!	3 rooms	"Kirchstrasse 9B, 5413 Birmenstorf AG, AG"	"CHF 1,500"	
	New building in the old building	3.5 rooms	"Strählgass 15, 5413 Birmenstorf AG, AG"	"CHF 1,556.—"	
	Beautiful 3.5 room duplex apartment in Birmenstorf	3.5 rooms	"Strählgass 10, 5413 Birmenstorf AG, AG"	"CHF 1,600.—"	
	Living above the roofs of Birmenstorf	"4.5 rooms, 87 m²"	"Chileweg 4, 5413 Birmenstorf AG, AG"	"CHF 1,740.—"	
	Sunny 4-room apartment - close to the motorway junction!	"4 rooms, 90 m²"	"Kirchstrasse 9c, 5413 Birmenstorf AG, AG"	"CHF 1,800"	
	Living above the roofs of Birmenstorf	"3.5 rooms, 95 m²"	"Chileweg 4, 5413 Birmenstorf AG, AG"	"CHF 1,822.—"	
	"Bright, modern 4.5 room apartment in a prime location * MINERGIE STANDARD *"	4.5 rooms		"CHF 1,900.—"	
	"A gem of a (property) apartment,"	3.5 rooms	"Badenerstrasse 16, 5413 Birmenstorf AG, AG"	"CHF 1,925.—"	
	Cozy duplex attic apartment over 2 floors!	"4.5 rooms, 105 m²"	"Kirchstrasse 9b, 5413 Birmenstorf AG, AG"	"CHF 1,975.—"	
	4.5 room duplex apartment with fireplace!	"4.5 rooms, 105 m²"	"Kirchstrasse 9C, 5413 Birmenstorf AG, AG"	"CHF 2,075.—"	
	Living above the roofs of Birmenstorf	"5.5 rooms, 116 m²"	"Chileweg 4, 5413 Birmenstorf AG, AG"	"CHF 2,160.—"	
	"BRIGHT, HOMEY AND MODERN"	"3.5 rooms, 135 m²"		"CHF 2,300"	
	2 large 2.5 room apartment on the 1st and 1st floor in company village immediately	"2.5 rooms, 63 m²"	"bruggerstr. 16, 5413 Birmenstorf AG, AG"	"CHF 1,250.—"	
	2.5 room apartment	2.5 rooms	"Badenerstr. 20, 5413 Birmenstorf AG, AG"	"CHF 1,210.—"	
	Time for a change of scenery - your new apartment is waiting for you!	"3.5 rooms, 98 m²"	"Mitteldorfstrasse 72, 5033 Buchs AG, AG"	"CHF 1,670.—"	https://cis01.immoscout24.ch/zeit-fuer-einen-tapetenwechsel---ihre-neue-wohnung--buchs-ag?328x185/0/85/is24media/39/5c/1fe0c6bd4a-191121.jpg
	Modern living rooms in a quiet location	"3.5 rooms, 89 m²"	"Lenzburgerstrasse 70, 5033 Buchs AG, AG"	"CHF 1,690.—"	
	Perfectly equipped apartment with a large balcony	"4.5 rooms, 111 m²"	"Obermattweg 16, 5033 Buchs AG, AG"	"CHF 1,690.—"	
	Newly renovated 3.5 room apartment in the village center	"3.5 rooms, 98 m²"	"Brummelmattstrasse 7, 5033 Buchs AG, AG"	"CHF 1,760.—"	
	FAMILY FRIENDLY APARTMENT IN A CENTRAL LOCATION	"4.5 rooms, 94 m²"	"Brummelstrasse 6, 5033 Buchs AG, AG"	"CHF 1,770.—"	
	Esprit and elegance = pure quality of life ...	"3.5 rooms, 95 m²"	"Mitteldorfstrasse 96, 5033 Buchs AG, AG"	"CHF 1,775.—"	
	3.5 room apartment that meets all requirements ...	"3.5 rooms, 94 m²"	"Oberdorfstrasse 2, 5033 Buchs AG, AG"	"CHF 1,830.—"	
	Esprit and elegance = pure quality of life ...	"3.5 rooms, 94 m²"	"Oberdorfstrasse 8, 5033 Buchs AG, AG"	"CHF 1,830.—"	
	Modern apartment in the center of Buchs	"4.5 rooms, 103 m²"	"Brauereiweg 7, 5033 Buchs AG, AG"	"CHF 1,840.—"	
	MODERN AND CENTRAL	"3.5 rooms, 100 m²"		"CHF 1,900.—"	
	Esprit and elegance = pure quality of life ...	"3.5 rooms, 105 m²"	"Mitteldorfstrasse 96, 5033 Buchs AG, AG"	"CHF 1,930.—"	
	Newly renovated 4.5 room apartment for rent	"4.5 rooms, 119 m²"	"Brummelmattstrasse 5, 5033 Buchs AG, AG"	"CHF 1,940.—"	
	Light-flooded living rooms in a quiet location in the countryside	"4.5 rooms, 106 m²"	"Lenzburgerstrasse 72, 5033 Buchs AG, AG"	"CHF 1,990.—"	
	Living possibilities almost without limits ...	"4.5 rooms, 114 m²"	"Oberdorfstrasse 6, 5033 Buchs AG, AG"	"CHF 1,990.—"	
	Summer on your own terrace?	"3.5 rooms, 86 m²"	"Bachstrasse 12, 5033 Buchs AG, AG"	"CHF 2,195.—"	
	RUSTIC AND MODERN	"5.5 rooms, 180 m²"		"CHF 2,200.—"	
	Maisonette apartment with a fantastic terrace	"4.5 rooms, 121 m²"	"Mitteldorfstrasse 72, 5033 Buchs AG, AG"	"CHF 2,250.—"	
	Moder 4.5 room apartment	"4.5 rooms, 125 m²"	"Bachstrasse 12, 5033 Buchs AG, AG"	"CHF 2,510.—"	
	!!!RESERVED!!!	"6.5 rooms, 170 m²"		"CHF 2,800.—"	
	3.5 rooms with a large terrace	"3.5 rooms, 85 m²"	"Gislifluestrasse 17, 5033 Buchs AG, AG"	"CHF 1,750.—"	
	"3.5-room attic apartment with a very spacious, walk-in green area"	"3.5 rooms, 90 m²"	"Trieschweg 26, 5033 Buchs AG, AG"	"CHF 2,375.—"	
	Moving month rent free !!!	"4.5 rooms, 88 m²"	"Bauhaldenstrasse 21, 5417 Untersiggenthal, AG"	"CHF 1,640.—"	https://cis01.immoscout24.ch/einzugsmonat-mietfrei!!!-untersiggenthal?328x185/0/85/is24media/15/c0/cf1ae23944-200417.jpg
	cozy apartment in a quiet yet central location	"2.5 rooms, 57 m²"	"Hinterdorfstrasse 8, 5417 Untersiggenthal, AG"	"CHF 1,200"	
	Looking for a cozy apartment?	3.5 rooms	"Gartenstrasse 2, 5417 Untersiggenthal, AG"	"CHF 1,340.—"	
	Change of scenery?	4.5 rooms	"Niederwiesstrasse 8, 5417 Untersiggenthal, AG"	"CHF 1,370.—"	
	Top modern apartment with balcony in a good location	"2 rooms, 45 m²"	"Schulstrasse 20, 5417 Untersiggenthal, AG"	"CHF 1,370.—"	
	A dream home!	"3.5 rooms, 76 m²"	"Bauhaldenstrasse 15, 5417 Untersiggenthal, AG"	"CHF 1,385.—"	
	Look into the green	3 rooms	"Grubenstrasse 7, 5417 Untersiggenthal, AG"	"CHF 1,390.—"	
	quiet living in a child-friendly location	"3.5 rooms, 85 m²"	"Irisweg 2, 5417 Untersiggenthal, AG"	"CHF 1,390.—"	
	"LIVE, LIVE & ENJOY"	"3 rooms, 74 m²"	"Lochmattstrasse 5a, 5417 Untersiggenthal, AG"	"CHF 1,520.—"	
	Looking for an apartment in the center?	"4.5 rooms, 80 m²"	"Hofacherstrasse 1, 5417 Untersiggenthal, AG"	"CHF 1,540.—"	
	Looking for an apartment with good transport connections?	"4.5 rooms, 80 m²"	"Hofacherstrasse 11, 5417 Untersiggenthal, AG"	"CHF 1,540.—"	
	Spacious 3 room apartment in a rural location	3 rooms	"Rebbergstrasse 15, 5417 Untersiggenthal, AG"	"CHF 1,540.—"	
	Attractive apartment with garden seating	"3 rooms, 79 m²"	"Rosengartenweg 14 B, 5417 Untersiggenthal, AG"	"CHF 1,570.—"	
	Attractive apartment with a sunny patio	"3 rooms, 79 m²"	"Rosengartenweg 10 B, 5417 Untersiggenthal, AG"	"CHF 1,570.—"	
	Modern apartment with evening sun	"3.5 rooms, 83 m²"	"Rosengartenweg 14 A, 5417 Untersiggenthal, AG"	"CHF 1,590.—"	
	peaceful lodging	"4.5 rooms, 80 m²"	"Mardeläckerstrasse 16, 5417 Untersiggenthal, AG"	"CHF 1,595.—"	
	MOVE IN AND FEEL GOOD	"3 rooms, 74 m²"	"Lochmattstrasse 3b, 5417 Untersiggenthal, AG"	"CHF 1,600.—"	
	FAMILY APARTMENT IN A QUIET AREA	"4 rooms, 90 m²"	"Lochmattstrasse 5a, 5417 Untersiggenthal, AG"	"CHF 1,640.—"	
	Looking for a renovated apartment with a lawn?	"3.5 rooms, 82 m²"	"Schulstrasse 29, 5417 Untersiggenthal, AG"	"CHF 1,780.—"	
	Centrally located apartment	"4.5 rooms, 111 m²"	"Schulstrasse 25b, 5417 Untersiggenthal, AG"	"CHF 1,795.—"	
	Nice family apartment in a great location	4 rooms	"Dorfstrasse 94, 5417 Untersiggenthal, AG"	"CHF 1,820.—"	
	"Top modern, spacious and bright"	"3.5 rooms, 87 m²"	"Auhaldenstrasse 14, 5417 Untersiggenthal, AG"	"CHF 1,860.—"	
	beautiful ground floor apartment in a beautiful location	"3.5 rooms, 74 m²"	"Dorfstrasse 90, 5417 Untersiggenthal, AG"	"CHF 1,860.—"	
	Apartment with garden for rent	"4.5 rooms, 102 m²"	"Schulstrasse 29, 5417 Untersiggenthal, AG"	"CHF 2,000.—"	
	Large modern apartment with a great floor plan	"2.5 rooms, 71 m²"	"Schulstrasse 6, 5412 Gibstorf, AG"	"CHF 1,490.—"	https://cis01.immoscout24.ch/grosse-moderne-wohnung-mit-tollem-grundriss-habenstorf?328x185/0/85/is24media/25/18/8e1ef86f46-200408.jpg
	Large attic apartment with a beautiful panoramic view of 2 separate terraces	"3.5 rooms, 104 m²"	"Schulstrasse 4, 5412 Gibstorf, AG"	"CHF 2,250.—"	
	Very nice 3 room apartment is looking for new residents	3 rooms	"Limmatstrasse 15, 5412 Vogelsang AG, AG"	"CHF 1,250.—"	
	Living in a central yet quiet environment	"3 rooms, 63 m²"	"Unterriedenstr. 41, 5412 Gibstorf, AG"	"CHF 1,260.—"	
	Living in a quiet location	"3 rooms, 62 m²"	"Unterriedenstr. 41, 5412 Gibstorf, AG"	"CHF 1,270.—"	
	Great family apartment in a green location!	"4 rooms, 83 m²"	"Unterriedenstrasse 39, 5412 Gibstorf, AG"	"CHF 1,420.—"	
	Cozy living in the green	"4 rooms, 83 m²"	"Unterriedenstrasse 45, 5412 Gibstorf, AG"	"CHF 1,530.—"	
	Living in a family-friendly neighborhood	"4 rooms, 83 m²"	"Unterriedenstrasse 43, 5412 Gibstorf, AG"	"CHF 1,545.—"	
	"GREEN, QUIET, FAMILY - 3.5-room apartment with a sunny balcony"	3.5 rooms	"Oberriedenstrasse 67, 5412 Gibstorf, AG"	"CHF 1,550.—"	
	Oasis Reuss on your doorstep - holidays very close	"4.5 rooms, 96 m²"	"Unterriedenstrasse 43, 5412 Gibstorf, AG"	"CHF 1,600.—"	
	Family-friendly development in the immediate vicinity of the Reuss	"4.5 rooms, 96 m²"	"Unterriedenstrasse 43, 5412 Gibstorf, AG"	"CHF 1,625.—"	
	Very nicely developed loft apartment	3.5 rooms	"Limmatstrasse 13, 5412 Gibstorf, AG"	"CHF 1,750.—"	
	Modern apartment in a prime location in Geelig	"3.5 rooms, 74 m²"	"Feldstrasse 19, 5412 Gibstorf, AG"	"CHF 1,790.—"	
	Quiet location with a very large terrace	"4 rooms, 75 m²"		"CHF 1,850.—"	
	"""First time use"" 2.5 room penthouse"	"2.5 rooms, 73 m²"	"Zollstrasse 3, 5412 Gibstorf, AG"	"CHF 1,900.—"	
	Modern 4.5 ZWG on the 1st floor	"4.5 rooms, 113 m²"	"Brühlstrasse 4, 5412 Gibstorf, AG"	"CHF 1,990.—"	
	One-time offer just for you!	"3.5 rooms, 89 m²"	"Feldstrasse 19, 5412 Gibstorf, AG"	"CHF 2,040.—"	
	Living dream in Sendenstorf	"4.5 rooms, 106 m²"	"Wiesenstrasse 2, 5412 Gibstorf, AG"	"CHF 2,090.—"	
	Beautiful 4 1/2 room apartment	"4.5 rooms, 112 m²"	"Lauffohrstrasse 9, 5412 Vogelsang AG, AG"	"CHF 2,170.—"	
	"""First time use"" 3.5 room penthouse"	"3.5 rooms, 87 m²"	"Zollstrasse 3, 5412 Gibstorf, AG"	"CHF 2,200.—"	
	4 1/2 room apartment with a fantastic view	"4.5 rooms, 90 m²"	"Birchhofstrasse 10, 5412 Gibstorf, AG"	"CHF 1,650.—"	
	Maisonette apartment (2-family house) in a central location	"4.5 rooms, 111 m²"	"Grenzstrasse 11, 5412 Gibstorf, AG"	"CHF 1,850.—"	
	Beautiful 3.5 room apartment in the moated castle	"3.5 rooms, 88 m²"	"Schachenstrasse 1a, 5412 Gibstorf, AG"	"CHF 2,000.—"	
	Modern and close to the city	"3.5 rooms, 75 m²"	"Kirchweg 89, 5416 Kirchdorf AG, AG"	"CHF 1,920.—"	https://cis01.immoscout24.ch/modern-und-stadtnah-kirchdorf-ag?328x185/0/85/is24media/0f/c2/29509e7142-200129.jpg
	5½-room maisonette near Baden	"5.5 rooms, 200 m²"	"Landstrasse 215, 5416 Kirchdorf AG, AG"	"CHF 2,950.—"	
	* Attractive family apartment incl. 1 free month *	"3.5 rooms, 83 m²"	"Haldenstrasse 18, 5415 Nussbaumen AG, AG"	"CHF 1,690.—"	https://cis01.immoscout24.ch/*attraektiven-familienwohnung-inkl-1-gratismonat*-nussbaumen-ag?328x185/0/85/is24media/5f/b3/155def184f-200207.jpg
	* Rent without deposit *: Rural. Central. Unique!	"1 room, 36 m²"	"Landstr. 156, 5415 Nussbaumen AG, AG"	"CHF 1,155.—"	
	Spacious 2.5 room apartment for rent in Nussbaumen!	"2.5 rooms, 49 m²"	"Feldstrasse 14, 5415 Nussbaumen AG, AG"	"CHF 1,190.—"	
	Cheap 3.5 room apartment	"3.5 rooms, 70 m²"	"Landstrasse 64, 5415 Rieden AG, AG"	"CHF 1,220.—"	
	Spacious single apartment!	"2 rooms, 62 m²"	"Schulstrasse 24, 5415 Nussbaumen AG, AG"	"CHF 1,260.—"	
	Cozy single apartment in the countryside	"2.5 rooms, 58 m²"	"Kirchweg 41 B, 5415 Nussbaumen AG, AG"	"CHF 1,350.—"	
	Favorable opportunity in the center	"3 rooms, 68 m²"	"Landstrasse 152, 5415 Nussbaumen AG, AG"	"CHF 1,350.—"	
	Enjoy the evening hours on the balcony!	"3 rooms, 71 m²"	"General Guisan-Strasse 49, 5415 Nussbaumen AG, AG"	"CHF 1,360.—"	
	Quiet and cozy 3-room apartment in Nussbaumen	"3 rooms, 71 m²"	"Rainstrasse 5, 5415 Nussbaumen AG, AG"	"CHF 1,360.—"	
	"Bright, partially renovated apartment in a quiet location - perfect for singles and couples"	"3 rooms, 73 m²"	"Simonweg 2 / Quellstr. 6, 5415 Nussbaumen AG, AG"	"CHF 1,370.—"	
	Cozy apartment in a central location	3 rooms	"Hertensteinstrasse 4, 5415 Nussbaumen AG, AG"	"CHF 1,390.—"	
	Sunny living	"3.5 rooms, 72 m²"	"Kirchweg 53, 5415 Nussbaumen AG, AG"	"CHF 1,430.—"	
	Bright living spaces in an ideal location	"3.5 rooms, 72 m²"	"Kirchweg 55, 5415 Nussbaumen AG, AG"	"CHF 1,435.—"	
	3½ room apartment with fireplace for rent	"3.5 rooms, 85 m²"	"Südallee 7, 5415 Nussbaumen AG, AG"	"CHF 1,480.—"	
	"Spacious, bright apartment with a balcony"	4.5 rooms	"Feldstrasse 14, 5415 Nussbaumen AG, AG"	"CHF 1,490.—"	
	RENOVATED IN A CENTRAL LOCATION	"3.5 rooms, 75 m²"		"CHF 1,500"	
	Favorable opportunity in the center	"4 rooms, 75 m²"	"Landstrasse 152, 5415 Nussbaumen AG, AG"	"CHF 1,550.—"	
	Life blooms here	"4 rooms, 89 m²"	"Kornweg 2, 5415 Nussbaumen AG, AG"	"CHF 1,580.—"	
	Living in the center of Nussbaumen	4 rooms	"Hertensteinstrasse 4, 5415 Nussbaumen AG, AG"	"CHF 1,590.—"	
	The only chance!	"3.5 rooms, 89 m²"	"Landschreiberstrasse 4, 5415 Nussbaumen AG, AG"	"CHF 1,595.—"	
	Cozy living - high up on the 4th floor!	"3.5 rooms, 83 m²"	"Kirchweg 41 C, 5415 Nussbaumen AG, AG"	"CHF 1,640.—"	
	Welcome Home!	"3.5 rooms, 85 m²"	"Kirchweg 41 B, 5415 Nussbaumen AG, AG"	"CHF 1,640.—"	
	Quiet yet central living	"4 rooms, 78 m²"	"Kornweg 4, 5415 Nussbaumen AG, AG"	"CHF 1,640.—"	
	Your children will love this family-friendly location - you too	"4.5 rooms, 81 m²"	"Kirchweg 57, 5415 Nussbaumen AG, AG"	"CHF 1,650.—"	
	"Generous, new Minergie apartment with high-quality interior fittings"	"4.5 rooms, 118 m²"	"Köllikerstrasse 2b., 5036 Oberentfelden, AG"	"CHF 1,870.—"	https://cis01.immoscout24.ch/neuwert-grosszuegige-minergie-wohnung-mit-hochwe-oberentfelden?328x185/0/85/is24media/c1/00/746e512e4d-191016.jpg
	4 1/2 ZI.-ATTIKA-WHG. WITH 65 m2 LARGE TERRACE	"4.5 rooms, 109 m²"	"Bergstrasse 21, 5036 Oberentfelden, AG"	"CHF 1,920.—"	
	Bijou with its own washing tower - great offer for bargain hunters!	"4.5 rooms, 120 m²"	"Turnhalleweg 10, 5036 Oberentfelden, AG"	"CHF 1,970.—"	
	"Generous, new Minergie apartment with high-quality interior fittings"	"4.5 rooms, 123 m²"	"Köllikerstrasse 2, 5036 Oberentfelden, AG"	"CHF 2,070.—"	
	modern living in the Römerpark	"5.5 rooms, 129 m²"	"Walther-Bürsten-Strasse 21, 5036 Oberentfelden, AG"	"CHF 2,240.—"	
	Quiet garden apartment	"4.5 rooms, 120 m²"	"Uerkenweg 35A, 5036 Oberentfelden, AG"	"CHF 2,250.—"	
	modern attic apartment with great views	"4.5 rooms, 112 m²"	"Walther-Bürsten-Strasse 11, 5036 Oberentfelden, AG"	"CHF 2,285.—"	
	"Bright, sunny, well-developed, modern apartment near the city"	"4.5 rooms, 123 m²"	"Aarauerstrasse 32, 5036 Oberentfelden, AG"	"CHF 2,350.—"	
	Beautiful 3-room apartment from May 1st 20 or by appointment	"3 rooms, 76 m²"		CHF 1.603.—	
	"New 4.5 room apartment - beautiful, bright and sunny"	"4.5 rooms, 106 m²"	"Walther-Bürsten-Strasse 3, 5036 Oberentfelden, AG"	"CHF 1,920.—"	
	Living in the center of Suhr	4.5 rooms	"Postweg 4, 5034 Suhr, AG"	"CHF 2,150.—"	https://cis01.immoscout24.ch/wohnen-im-zentrum-von-suhr-suhr?328x185/0/85/is24media/6b/77/8f9ddc124e-200210.JPG
	"Nice apartment near KSA, with its own basement, laundry room and garden"	"4 rooms, 115 m²"	"Hübeliacker 13A, 5034 Suhr, AG"	"CHF 2,200.—"	
	LIGHT FLOODED IN THE PROPERTY STANDARD	"4.5 rooms, 118 m²"		"CHF 2,420.—"	
	Enjoy the winter mood on your terrace at the river Suhre	"4.5 rooms, 115 m²"	"Suhreparkweg 2, 5034 Suhr, AG"	"CHF 2,790.—"	
	Suhr train station. Furnished apartment in the hotel LOCAL / 1299 CHF	"1.5 rooms, 25 m²"	"Bernstrasse Ost 52, 5034 Suhr, AG"	"CHF 1,299.—"	
	Attic city limits Aarau	2.5 rooms	"Tramstrasse 123, 5034 Suhr, AG"	"CHF 1,140.—"	
	Quiet and sunny living near KSA	"2.5 rooms, 60 m²"	"Gysulaweg 8, 5034 Suhr, AG"	"CHF 1,187.—"	
	3 room apartment near KSA	3 rooms	"Elektraweg 1, 5034 Suhr, AG"	"CHF 1,200"	
	"Centrally located, yet quiet location"	"3 rooms, 70 m²"	"Tramstrasse 123, 5034 Suhr, AG"	"CHF 1,290.—"	
	Charming 3.5 room apartment in a quiet four-family house	"3.5 rooms, 62 m²"	"Entenweg 1, 5034 Suhr, AG"	"CHF 1,340.—"	
	"Sunny, quiet 3-room + 2-room apartments with balcony near KSA / Aarau train station"	"3.5 rooms, 70 m²"		"CHF 1,364.—"	
	Furnished bijou in an idyllic location	"2.5 rooms, 57 m²"	"Lättweg 20, 5034 Suhr, AG"	"CHF 1,580.—"	
	Quiet living close to the city with its own laundry room and cellar	"4.5 rooms, 112 m²"	"Grubenweg 12, 5034 Suhr, AG"	"CHF 2,050.—"	
	"4.5-room flat in Wettingen, central location as of July 1st or by arrangement"	"4.5 rooms, 95 m²"	"Landstrasse 4, 5430 Wettingen, AG"	"CHF 1,760.—"	https://cis01.immoscout24.ch/4-5-zimmer-whg-wettingen-zentrale-lage-per-1-jul-wettingen?328x185/0/85/is24media/29/dd/7f8ba40540.jpg
	Living on the pulse of Wettingen!	"1.5 rooms, 37 m²"	"Landstrasse 28, 5430 Wettingen, AG"	CHF 770.—	
	Warm and centrally located apartment	"2 rooms, 38 m²"	"Rankstrasse 3, 5430 Wettingen, AG"	"CHF 1,100"	
	In the middle of the city and yet in the green	2 rooms	"Zehntenhofstrasse 4, 5430 Wettingen, AG"	"CHF 1,125.—"	
	Living in the middle of Wettingen	2 rooms	"Zehntenhofstrasse 6, 5430 Wettingen, AG"	"CHF 1,170.—"	
	Cozy apartment	"2 rooms, 48 ??m²"	"Zentralstrasse 100, 5430 Wettingen, AG"	"CHF 1,190.—"	
	Unique attic apartment in the heart of Wettingen	1.5 rooms	"Zentralstrasse 110, 5430 Wettingen, AG"	CHF 1.205.—	
	Living on the pulse of Wettingen!	"2.5 rooms, 60 m²"	"Antoniusstrasse 4, 5430 Wettingen, AG"	CHF 1.205.—	
	Charming old style apartment with two balconies	3.5 rooms	"Wiesenstrasse 7, 5430 Wettingen, AG"	"CHF 1,278.—"	
	Central yet quiet apartment with balcony	2.5 rooms	"Staffelstrasse 22, 5430 Wettingen, AG"	"CHF 1,320.—"	
	Charming 3 room apartment with balcony	3 rooms	"Landstrasse 116, 5430 Wettingen, AG"	"CHF 1,330.—"	
	Nice garden patio apartment - central yet quiet	2.5 rooms	"Staffelstrasse 22, 5430 Wettingen, AG"	"CHF 1,334.—"	
	Great garden seating apartment in the center of Wettingen!	2 rooms	"Fliederstrasse 1, 5430 Wettingen, AG"	"CHF 1,350.—"	
	Attractive 2.5 room apartment	2.5 rooms	"Zentralstrasse 132, 5430 Wettingen, AG"	"CHF 1,379.—"	
	Central 2 room apartment	"2 rooms, 47 m²"	"Fliederstrasse 17, 5430 Wettingen, AG"	"CHF 1,380.—"	
	Nice apartment in the heart of Wettingen	2 rooms	"Lindenstrasse 15, 5430 Wettingen, AG"	"CHF 1,390.—"	
	Lots of storage space and 2 balconies	"3 rooms, 70 m²"	"Landstrasse 127, 5430 Wettingen, AG"	"CHF 1,400"	
	Ground floor apartment in a quiet residential area centrally located	"3 rooms, 63 m²"	"Bahnhofstrasse 99, 5430 Wettingen, AG"	"CHF 1,410.—"	
	Your new home?	"3 rooms, 72 m²"	"Langäcker 130, 5430 Wettingen, AG"	"CHF 1,435.—"	
	Charming old style apartment with two balconies	3.5 rooms	"Wiesenstrasse 7, 5430 Wettingen, AG"	"CHF 1,440.—"	
	Living in a central location	"3 rooms, 66 m²"	"Mattenstrasse 18, 5430 Wettingen, AG"	"CHF 1,450.—"	
	Central 3 room apartment!	"3 rooms, 57 m²"	"Fliederstrasse 15, 5430 Wettingen, AG"	"CHF 1,455.—"	
	IN THE MID OF THE CENTRE!	"3.5 rooms, 70 m²"		"CHF 1,500"	
	Rent without deposit - apartment with a fantastic view over Wettingen	"3 rooms, 74 m²"	"Alb. Zwyssigstr. 83, 5430 Wettingen, AG"	"CHF 1,505.—"	
	Rent without a deposit - living in a central location	"4.5 rooms, 110 m²"	"Sandstrasse 12, 5432 Neuenhof, AG"	"CHF 2,280.—"	https://cis01.immoscout24.ch/mieten-ohne-kaution---wohnen-an-zentralster-lage-neuenhof?328x185/0/85/is24media/29/e5/e127107b4a-200408.jpg
	Rent without deposit - dream apartment for rent!	"3.5 rooms, 86 m²"	"Sandstrasse 10, 5432 Neuenhof, AG"	"CHF 1,980.—"	
	Rent without a deposit - you will feel at home here!	"3.5 rooms, 86 m²"	"Sandstrasse 10, 5432 Neuenhof, AG"	"CHF 2,010.—"	
	Rent without deposit - dream home in the most central location	"2.5 rooms, 71 m²"	"Sandstrasse 8, 5432 Neuenhof, AG"	"CHF 1,720.—"	
	3 room apartment - top central - cheap!	"3 rooms, 70 m²"	"Zürcherstrasse 124, 5432 Neuenhof, AG"	"CHF 1,290.—"	
	"Nice, quiet but centrally located home"	"3 rooms, 63 m²"	"Bergstrasse 4, 5432 Neuenhof, AG"	"CHF 1,350.—"	
	renovated 3 room apartment	"3 rooms, 70 m²"	"Zürcherstrasse 124, 5432 Neuenhof, AG"	"CHF 1,360.—"	
	cozy 3.5 room apartment on the Limmat in Neuenhof	"3.5 rooms, 71 m²"	"Hofmattstrasse 12, 5432 Neuenhof, AG"	"CHF 1,400"	
	modern 3.5 room apartment in a great location	"3.5 rooms, 73 m²"	"Bifangstrasse 28, 5432 Neuenhof, AG"	"CHF 1,530.—"	
	newly renovated apartment is looking for new tenants	3.5 rooms	"Hardstrasse 57, 5432 Neuenhof, AG"	"CHF 1,540.—"	
	SPACIOUS 2.5-ROOM APARTMENT WITH HUGE TERRACE	"2.5 rooms, 75 m²"	"Hardstrasse 56, 5432 Neuenhof, AG"	"CHF 1,595.—"	
	Spacious 3.5 room apartment in the heart of Neuenhof	3.5 rooms	"Bifangstrasse 9, 5432 Neuenhof, AG"	"CHF 1,600.—"	
	Expect comfort!	"3 rooms, 71 m²"	"Webermühle 32, 5432 Neuenhof, AG"	"CHF 1,610.—"	
	closer to the clouds	"4 rooms, 80 m²"	"Gartenstrasse 24, 5432 Neuenhof, AG"	"CHF 1,650.—"	
	A good choice!	"3 rooms, 70 m²"	"Webermühle 14, 5432 Neuenhof, AG"	"CHF 1,690.—"	
	generous and bright	"2.5 rooms, 81 m²"	"Althofstrasse 5, 5432 Neuenhof, AG"	"CHF 1,730.—"	
	Move quickly!	"4 rooms, 91 m²"	"Webermühle 16, 5432 Neuenhof, AG"	"CHF 1,738.—"	
	Living with foresight!	"3.5 rooms, 84 m²"	"Webermühle 44, 5432 Neuenhof, AG"	"CHF 1,745.—"	
	Quiet and yet central!	"3.5 rooms, 84 m²"	"Webermühle 41, 5432 Neuenhof, AG"	"CHF 1,770.—"	
	A good choice!	"3.5 rooms, 87 m²"	"Webermühle 23, 5432 Neuenhof, AG"	"CHF 1,770.—"	
	Your new home!	"4 rooms, 89 m²"	"Webermühle 14, 5432 Neuenhof, AG"	"CHF 1,775.—"	
	Space for the whole family!	"4.5 rooms, 102 m²"	"Webermühle 45, 5432 Neuenhof, AG"	"CHF 1,985.—"	
	Not only your children get big eyes here!	"5 rooms, 104 m²"	"Webermühle 13, 5432 Neuenhof, AG"	"CHF 1,990.—"	
	All under one roof!	"4.5 rooms, 97 m²"	"Webermühle 31, 5432 Neuenhof, AG"	"CHF 2,010.—"	
